-- Seed data for AI Customer Support
-- KB articles are text-only here; embeddings generated at app startup via Spring AI

-- ============================================================================
-- KB Articles (50 articles across 10 intent categories)
-- Embeddings will be generated by the app on first startup
-- ============================================================================

INSERT INTO kb_articles (intent, question, answer, category, tags) VALUES
-- order_status (5)
('order_status', 'Where is my order?', 'You can check your order status by providing your order ID (format: ORD-XXXXX). We''ll look up the current status, tracking number, and estimated delivery date for you.', 'orders', ARRAY['tracking', 'delivery']),
('order_status', 'How long does shipping take?', 'Standard shipping takes 5-7 business days. Express shipping takes 2-3 business days. You can track your order using the tracking number provided in your shipping confirmation email.', 'orders', ARRAY['shipping', 'delivery', 'timeline']),
('order_status', 'My order is late', 'We apologize for the delay. Orders occasionally take longer during peak seasons. If your order is more than 3 days past the estimated delivery date, we can open an investigation with the carrier.', 'orders', ARRAY['delay', 'late', 'delivery']),
('order_status', 'Can I change my shipping address?', 'If your order has not yet shipped, we can update the shipping address. Once an order is in transit, address changes are not possible. Please provide your order ID and the new address.', 'orders', ARRAY['address', 'shipping', 'change']),
('order_status', 'I received the wrong item', 'We are sorry about that. Please provide your order ID and a description of the item you received. We will arrange a replacement shipment and provide a prepaid return label for the incorrect item.', 'orders', ARRAY['wrong item', 'replacement']),

-- return_request (5)
('return_request', 'How do I return an item?', 'To initiate a return, provide your order ID and the reason for the return. We will process your request and send a prepaid return label. Returns must be initiated within 30 days of delivery.', 'returns', ARRAY['return', 'refund', 'label']),
('return_request', 'What is your return policy?', 'We offer a 30-day return policy for most items. Items must be unused and in original packaging. Electronics have a 15-day return window. Final sale items cannot be returned.', 'returns', ARRAY['policy', 'return', 'window']),
('return_request', 'How long does a refund take?', 'Refunds are processed within 5-7 business days after we receive the returned item. The refund will appear on your original payment method. You will receive an email confirmation when the refund is issued.', 'returns', ARRAY['refund', 'timeline', 'payment']),
('return_request', 'Can I exchange instead of return?', 'Yes, we offer exchanges for the same item in a different size or color. Please initiate a return and place a new order for the desired item. We will waive shipping on the new order.', 'returns', ARRAY['exchange', 'swap', 'size']),
('return_request', 'My return was rejected', 'Returns may be rejected if the item is outside the return window, has been used, or is missing original packaging. If you believe this is an error, please provide your return ID and we will review your case.', 'returns', ARRAY['rejected', 'denied', 'return']),

-- product_info (5)
('product_info', 'Tell me about this product', 'I can look up detailed information about any product including description, price, availability, and specifications. Just provide the product name or SKU.', 'products', ARRAY['product', 'details', 'info']),
('product_info', 'Is this item in stock?', 'I can check real-time inventory for any product. Please provide the product name or SKU and I will confirm availability and estimated restock dates if needed.', 'products', ARRAY['stock', 'availability', 'inventory']),
('product_info', 'What are the product specifications?', 'Each product page includes full specifications. I can look up dimensions, materials, weight, and technical specifications for any item in our catalog.', 'products', ARRAY['specs', 'dimensions', 'technical']),
('product_info', 'Do you have any recommendations?', 'I can help you find products based on your needs. Tell me what you are looking for (category, budget, features) and I will suggest options from our catalog.', 'products', ARRAY['recommendations', 'suggest', 'help']),
('product_info', 'Compare two products', 'I can compare products side by side. Provide the names or SKUs of the products you want to compare and I will list the key differences in features, price, and specifications.', 'products', ARRAY['compare', 'versus', 'difference']),

-- shipping_info (5)
('shipping_info', 'What shipping options do you offer?', 'We offer Standard (5-7 business days, free over $50), Express (2-3 business days, $9.99), and Next Day ($19.99). All orders include tracking.', 'shipping', ARRAY['options', 'methods', 'speed']),
('shipping_info', 'Do you ship internationally?', 'We currently ship to the US and Canada. International shipping to Canada takes 7-14 business days. Customs duties may apply and are the responsibility of the recipient.', 'shipping', ARRAY['international', 'canada', 'global']),
('shipping_info', 'Free shipping threshold', 'Orders over $50 qualify for free standard shipping. Express and Next Day shipping have flat fees regardless of order total.', 'shipping', ARRAY['free', 'threshold', 'minimum']),
('shipping_info', 'My tracking number is not working', 'Tracking numbers may take 24-48 hours to activate after shipping. If your tracking number still shows no results after 48 hours, please provide your order ID and we will investigate.', 'shipping', ARRAY['tracking', 'not working', 'broken']),
('shipping_info', 'Can I pick up my order?', 'We do not currently offer in-store pickup. All orders are shipped directly to the provided address.', 'shipping', ARRAY['pickup', 'store', 'collect']),

-- payment_issue (5)
('payment_issue', 'My payment was declined', 'Payment declines can occur due to insufficient funds, incorrect card details, or bank security holds. Please verify your card information and try again, or use a different payment method.', 'payment', ARRAY['declined', 'failed', 'card']),
('payment_issue', 'What payment methods do you accept?', 'We accept Visa, Mastercard, American Express, Discover, PayPal, and Apple Pay. All transactions are secured with 256-bit encryption.', 'payment', ARRAY['methods', 'credit card', 'paypal']),
('payment_issue', 'I was charged twice', 'Double charges usually appear as a pending authorization and the actual charge. The pending authorization should drop off within 3-5 business days. If both charges are posted, please provide your order ID.', 'payment', ARRAY['double charge', 'duplicate', 'billing']),
('payment_issue', 'Can I use a discount code?', 'Discount codes can be entered at checkout in the promo code field. Only one code can be used per order. Some exclusions may apply to certain products or categories.', 'payment', ARRAY['discount', 'promo', 'coupon']),
('payment_issue', 'I need an invoice', 'We can send a detailed invoice for any order. Please provide your order ID and the email address where you would like the invoice sent.', 'payment', ARRAY['invoice', 'receipt', 'billing']),

-- account_help (5)
('account_help', 'How do I create an account?', 'You can create an account on our website by clicking Sign Up and providing your email address and a password. Account creation is optional for purchases.', 'account', ARRAY['create', 'register', 'signup']),
('account_help', 'I forgot my password', 'Click Forgot Password on the login page and enter your email. You will receive a password reset link within a few minutes. The link expires in 24 hours.', 'account', ARRAY['password', 'reset', 'forgot']),
('account_help', 'Update my email address', 'You can update your email address in your account settings under Profile. You will need to verify the new email address before the change takes effect.', 'account', ARRAY['email', 'update', 'change']),
('account_help', 'Delete my account', 'To delete your account, go to Settings and select Delete Account. This action is permanent and will remove all your data including order history. Active orders must be completed first.', 'account', ARRAY['delete', 'remove', 'close']),
('account_help', 'How do I view my order history?', 'Log into your account and go to My Orders. You can see all past orders, their statuses, and tracking information. Guest orders can be looked up using your email and order ID.', 'account', ARRAY['history', 'past orders', 'view']),

-- complaint (5)
('complaint', 'Product quality issue', 'We take quality seriously. Please provide your order ID and photos of the issue. We will either replace the item at no charge or issue a full refund.', 'complaints', ARRAY['quality', 'defective', 'broken']),
('complaint', 'Poor customer service experience', 'We apologize for your experience. Your feedback helps us improve. Can you share the details of what happened so we can address the issue and ensure it does not happen again?', 'complaints', ARRAY['service', 'experience', 'feedback']),
('complaint', 'Item arrived damaged', 'We are sorry your item arrived damaged. Please provide your order ID and photos of the packaging and damage. We will arrange a replacement shipment immediately.', 'complaints', ARRAY['damaged', 'broken', 'packaging']),
('complaint', 'Missing items in my order', 'If items are missing from your order, please provide your order ID. We will check the packing records and either ship the missing items or issue a refund.', 'complaints', ARRAY['missing', 'incomplete', 'partial']),
('complaint', 'Unresponsive support', 'We apologize for the delayed response. Our typical response time is within 24 hours. If you have been waiting longer, please share your previous ticket details and we will prioritize your case.', 'complaints', ARRAY['wait', 'slow', 'no response']),

-- general_inquiry (5)
('general_inquiry', 'What are your business hours?', 'Our customer support is available Monday through Friday, 9 AM to 6 PM EST. Our AI assistant is available 24/7 for common questions.', 'general', ARRAY['hours', 'availability', 'schedule']),
('general_inquiry', 'Do you have a physical store?', 'We are an online-only retailer. We do not have physical store locations, but all orders include free returns if you are not satisfied.', 'general', ARRAY['store', 'location', 'physical']),
('general_inquiry', 'Wholesale or bulk orders', 'For wholesale inquiries or orders of 50+ units, please email wholesale@example.com with your requirements. We offer volume discounts starting at 10% for qualifying orders.', 'general', ARRAY['wholesale', 'bulk', 'volume']),
('general_inquiry', 'Gift wrapping available?', 'Yes, we offer gift wrapping for $4.99 per item. Select the gift wrap option during checkout and add a personal message.', 'general', ARRAY['gift', 'wrapping', 'present']),
('general_inquiry', 'How do I contact you?', 'You can reach us via this chat, email at support@example.com, or phone at 1-800-555-0199 during business hours.', 'general', ARRAY['contact', 'phone', 'email']),

-- feedback (5)
('feedback', 'How do I leave a review?', 'You can leave a product review on the product page after your order is delivered. You will also receive an email invitation to review your purchase.', 'feedback', ARRAY['review', 'rating', 'feedback']),
('feedback', 'I want to give positive feedback', 'Thank you for the kind words! Your feedback helps us keep doing what works. If you have a moment, leaving a review helps other customers too.', 'feedback', ARRAY['positive', 'compliment', 'happy']),
('feedback', 'Suggestion for improvement', 'We appreciate your suggestion. Customer feedback drives our product and service improvements. I will pass your suggestion along to our team.', 'feedback', ARRAY['suggestion', 'improve', 'idea']),
('feedback', 'Feature request', 'Thank you for the feature request. We track all customer requests and use them to prioritize our development roadmap. Popular requests are more likely to be implemented.', 'feedback', ARRAY['feature', 'request', 'new']),
('feedback', 'I love your products', 'Thank you so much! We are glad you are enjoying our products. If you have favorites, consider leaving a review to help other customers discover them.', 'feedback', ARRAY['love', 'great', 'amazing']),

-- escalation (5)
('escalation', 'I want to speak to a manager', 'I understand you would like to speak with a manager. I will escalate this conversation to a senior support representative who can better assist you.', 'escalation', ARRAY['manager', 'supervisor', 'escalate']),
('escalation', 'This is not helping', 'I apologize that I have not been able to resolve your issue. Let me connect you with a human agent who may be able to help further.', 'escalation', ARRAY['frustrated', 'not helping', 'human']),
('escalation', 'I have been waiting too long', 'I sincerely apologize for the extended wait. Let me escalate your case to ensure it gets priority attention from our support team.', 'escalation', ARRAY['waiting', 'long', 'priority']),
('escalation', 'Legal concerns', 'For any legal matters, I will connect you directly with our customer relations team who can address your concerns appropriately.', 'escalation', ARRAY['legal', 'lawyer', 'lawsuit']),
('escalation', 'Repeated issue not resolved', 'I see this is a recurring problem and I apologize. I will escalate this to a senior representative with full context of your previous interactions to ensure a resolution.', 'escalation', ARRAY['recurring', 'repeated', 'again']);

-- ============================================================================
-- Products (30 products across 5 categories)
-- ============================================================================

INSERT INTO products (name, description, category, price, sku, in_stock) VALUES
-- Electronics (6)
('Wireless Noise-Canceling Headphones', 'Premium over-ear headphones with active noise cancellation, 30-hour battery life, and Bluetooth 5.3.', 'electronics', 249.99, 'ELEC-WH-001', true),
('USB-C Fast Charger 65W', 'GaN technology fast charger supporting USB-PD 3.0. Compatible with laptops, tablets, and phones.', 'electronics', 39.99, 'ELEC-CH-002', true),
('Portable Bluetooth Speaker', 'Waterproof IPX7 speaker with 360-degree sound, 12-hour battery, and built-in microphone.', 'electronics', 79.99, 'ELEC-SP-003', true),
('Mechanical Keyboard RGB', 'Full-size mechanical keyboard with Cherry MX switches, per-key RGB, and USB-C connection.', 'electronics', 129.99, 'ELEC-KB-004', true),
('Wireless Ergonomic Mouse', 'Vertical ergonomic mouse with 4000 DPI, 6 buttons, and rechargeable battery.', 'electronics', 49.99, 'ELEC-MS-005', true),
('4K Webcam with Microphone', '4K Ultra HD webcam with auto-focus, noise-canceling microphone, and privacy shutter.', 'electronics', 89.99, 'ELEC-WC-006', false),

-- Clothing (6)
('Classic Cotton T-Shirt', '100% organic cotton crew neck t-shirt. Pre-shrunk, available in 8 colors.', 'clothing', 24.99, 'CLTH-TS-001', true),
('Slim Fit Chino Pants', 'Stretch cotton chino pants with a modern slim fit. Wrinkle-resistant fabric.', 'clothing', 59.99, 'CLTH-CH-002', true),
('Lightweight Running Jacket', 'Water-resistant running jacket with reflective details and zippered pockets.', 'clothing', 79.99, 'CLTH-JK-003', true),
('Merino Wool Sweater', 'Fine-gauge merino wool crew neck sweater. Naturally temperature-regulating.', 'clothing', 89.99, 'CLTH-SW-004', true),
('Performance Athletic Socks 6-Pack', 'Moisture-wicking athletic socks with arch support and cushioned sole.', 'clothing', 19.99, 'CLTH-SK-005', true),
('Denim Jacket Classic', 'Vintage-wash denim jacket with button closure and two chest pockets.', 'clothing', 69.99, 'CLTH-DJ-006', false),

-- Home (6)
('Stainless Steel Water Bottle 32oz', 'Double-wall vacuum insulated bottle. Keeps drinks cold 24hrs or hot 12hrs.', 'home', 29.99, 'HOME-WB-001', true),
('Bamboo Cutting Board Set', 'Set of 3 bamboo cutting boards in small, medium, and large sizes. Antimicrobial surface.', 'home', 34.99, 'HOME-CB-002', true),
('LED Desk Lamp with Wireless Charger', 'Adjustable LED desk lamp with 5 brightness levels and built-in Qi wireless charger.', 'home', 54.99, 'HOME-DL-003', true),
('Cotton Bath Towel Set', 'Set of 4 plush cotton bath towels. 600 GSM, quick-drying, OEKO-TEX certified.', 'home', 44.99, 'HOME-TW-004', true),
('Ceramic Coffee Mug Set', 'Set of 4 handcrafted ceramic mugs, 12oz each. Microwave and dishwasher safe.', 'home', 29.99, 'HOME-MG-005', true),
('Smart Plug 4-Pack', 'WiFi smart plugs compatible with Alexa and Google Home. Schedule and remote control.', 'home', 24.99, 'HOME-SP-006', true),

-- Sports (6)
('Yoga Mat Premium 6mm', 'Non-slip yoga mat with alignment lines, carrying strap, and eco-friendly TPE material.', 'sports', 39.99, 'SPRT-YM-001', true),
('Resistance Band Set', 'Set of 5 resistance bands (10-50 lbs) with door anchor, handles, and carrying bag.', 'sports', 24.99, 'SPRT-RB-002', true),
('Foam Roller 18-inch', 'High-density foam roller for deep tissue massage and muscle recovery.', 'sports', 19.99, 'SPRT-FR-003', true),
('Jump Rope Speed Pro', 'Adjustable speed rope with ball bearings, memory foam handles, and carrying case.', 'sports', 14.99, 'SPRT-JR-004', true),
('Gym Duffel Bag', 'Water-resistant gym bag with shoe compartment, wet pocket, and adjustable strap.', 'sports', 49.99, 'SPRT-GB-005', true),
('Fitness Tracker Watch', 'Heart rate monitor, step counter, sleep tracker, and 7-day battery life.', 'sports', 69.99, 'SPRT-FT-006', false),

-- Books (6)
('The Art of Clean Code', 'A practical guide to writing maintainable, readable software. 320 pages.', 'books', 34.99, 'BOOK-CC-001', true),
('Machine Learning Fundamentals', 'Introduction to ML concepts with Python examples. Covers regression, classification, and neural networks.', 'books', 49.99, 'BOOK-ML-002', true),
('Mindful Productivity', 'A guide to achieving more by doing less. Focus, prioritization, and work-life balance.', 'books', 19.99, 'BOOK-MP-003', true),
('The Home Chef Cookbook', '200 restaurant-quality recipes for home cooking. From beginner to advanced.', 'books', 29.99, 'BOOK-HC-004', true),
('World Atlas 2025 Edition', 'Comprehensive world atlas with updated maps, demographic data, and geographic features.', 'books', 39.99, 'BOOK-WA-005', true),
('Science Fiction Anthology', 'Collection of 25 award-winning science fiction short stories from emerging authors.', 'books', 16.99, 'BOOK-SF-006', true);

-- ============================================================================
-- Customers (20)
-- ============================================================================

INSERT INTO customers (id, name, email) VALUES
('a1000000-0000-0000-0000-000000000001', 'Alice Johnson', 'alice@example.com'),
('a1000000-0000-0000-0000-000000000002', 'Bob Smith', 'bob@example.com'),
('a1000000-0000-0000-0000-000000000003', 'Carol Williams', 'carol@example.com'),
('a1000000-0000-0000-0000-000000000004', 'David Brown', 'david@example.com'),
('a1000000-0000-0000-0000-000000000005', 'Eve Davis', 'eve@example.com'),
('a1000000-0000-0000-0000-000000000006', 'Frank Miller', 'frank@example.com'),
('a1000000-0000-0000-0000-000000000007', 'Grace Wilson', 'grace@example.com'),
('a1000000-0000-0000-0000-000000000008', 'Henry Moore', 'henry@example.com'),
('a1000000-0000-0000-0000-000000000009', 'Ivy Taylor', 'ivy@example.com'),
('a1000000-0000-0000-0000-000000000010', 'Jack Anderson', 'jack@example.com'),
('a1000000-0000-0000-0000-000000000011', 'Karen Thomas', 'karen@example.com'),
('a1000000-0000-0000-0000-000000000012', 'Leo Jackson', 'leo@example.com'),
('a1000000-0000-0000-0000-000000000013', 'Mia White', 'mia@example.com'),
('a1000000-0000-0000-0000-000000000014', 'Noah Harris', 'noah@example.com'),
('a1000000-0000-0000-0000-000000000015', 'Olivia Martin', 'olivia@example.com'),
('a1000000-0000-0000-0000-000000000016', 'Paul Garcia', 'paul@example.com'),
('a1000000-0000-0000-0000-000000000017', 'Quinn Robinson', 'quinn@example.com'),
('a1000000-0000-0000-0000-000000000018', 'Rachel Clark', 'rachel@example.com'),
('a1000000-0000-0000-0000-000000000019', 'Sam Lewis', 'sam@example.com'),
('a1000000-0000-0000-0000-000000000020', 'Tina Hall', 'tina@example.com');

-- ============================================================================
-- Orders (50 orders across various statuses)
-- ============================================================================

-- We need product IDs, so use a CTE to reference by SKU
DO $$
DECLARE
    p_elec_wh UUID;
    p_elec_ch UUID;
    p_elec_sp UUID;
    p_elec_kb UUID;
    p_elec_ms UUID;
    p_clth_ts UUID;
    p_clth_ch UUID;
    p_clth_jk UUID;
    p_home_wb UUID;
    p_home_cb UUID;
    p_home_dl UUID;
    p_sprt_ym UUID;
    p_sprt_rb UUID;
    p_book_cc UUID;
    p_book_ml UUID;
BEGIN
    SELECT id INTO p_elec_wh FROM products WHERE sku = 'ELEC-WH-001';
    SELECT id INTO p_elec_ch FROM products WHERE sku = 'ELEC-CH-002';
    SELECT id INTO p_elec_sp FROM products WHERE sku = 'ELEC-SP-003';
    SELECT id INTO p_elec_kb FROM products WHERE sku = 'ELEC-KB-004';
    SELECT id INTO p_elec_ms FROM products WHERE sku = 'ELEC-MS-005';
    SELECT id INTO p_clth_ts FROM products WHERE sku = 'CLTH-TS-001';
    SELECT id INTO p_clth_ch FROM products WHERE sku = 'CLTH-CH-002';
    SELECT id INTO p_clth_jk FROM products WHERE sku = 'CLTH-JK-003';
    SELECT id INTO p_home_wb FROM products WHERE sku = 'HOME-WB-001';
    SELECT id INTO p_home_cb FROM products WHERE sku = 'HOME-CB-002';
    SELECT id INTO p_home_dl FROM products WHERE sku = 'HOME-DL-003';
    SELECT id INTO p_sprt_ym FROM products WHERE sku = 'SPRT-YM-001';
    SELECT id INTO p_sprt_rb FROM products WHERE sku = 'SPRT-RB-002';
    SELECT id INTO p_book_cc FROM products WHERE sku = 'BOOK-CC-001';
    SELECT id INTO p_book_ml FROM products WHERE sku = 'BOOK-ML-002';

    -- Delivered orders
    INSERT INTO orders (order_id, customer_id, status, tracking_number, estimated_delivery, total_amount, created_at) VALUES
    ('ORD-10001', 'a1000000-0000-0000-0000-000000000001', 'delivered', '1Z999AA10123456784', '2026-02-10', 289.98, '2026-01-28'),
    ('ORD-10002', 'a1000000-0000-0000-0000-000000000002', 'delivered', '1Z999AA10123456785', '2026-02-12', 84.98, '2026-01-30'),
    ('ORD-10003', 'a1000000-0000-0000-0000-000000000003', 'delivered', '1Z999AA10123456786', '2026-02-08', 129.99, '2026-01-25'),
    ('ORD-10004', 'a1000000-0000-0000-0000-000000000004', 'delivered', '1Z999AA10123456787', '2026-02-15', 59.98, '2026-02-01'),
    ('ORD-10005', 'a1000000-0000-0000-0000-000000000005', 'delivered', '1Z999AA10123456788', '2026-02-11', 174.97, '2026-01-29'),
    ('ORD-10006', 'a1000000-0000-0000-0000-000000000006', 'delivered', '1Z999AA10123456789', '2026-02-14', 49.99, '2026-02-02'),
    ('ORD-10007', 'a1000000-0000-0000-0000-000000000007', 'delivered', '1Z999AA10123456790', '2026-02-09', 319.97, '2026-01-26'),
    ('ORD-10008', 'a1000000-0000-0000-0000-000000000008', 'delivered', '1Z999AA10123456791', '2026-02-13', 44.99, '2026-02-01'),
    ('ORD-10009', 'a1000000-0000-0000-0000-000000000009', 'delivered', '1Z999AA10123456792', '2026-02-07', 89.99, '2026-01-24'),
    ('ORD-10010', 'a1000000-0000-0000-0000-000000000010', 'delivered', '1Z999AA10123456793', '2026-02-16', 109.98, '2026-02-03');

    -- Shipped orders
    INSERT INTO orders (order_id, customer_id, status, tracking_number, estimated_delivery, total_amount, created_at) VALUES
    ('ORD-10011', 'a1000000-0000-0000-0000-000000000011', 'shipped', '1Z999BB20123456784', '2026-02-28', 249.99, '2026-02-20'),
    ('ORD-10012', 'a1000000-0000-0000-0000-000000000012', 'shipped', '1Z999BB20123456785', '2026-02-27', 79.99, '2026-02-19'),
    ('ORD-10013', 'a1000000-0000-0000-0000-000000000013', 'shipped', '1Z999BB20123456786', '2026-03-01', 164.97, '2026-02-21'),
    ('ORD-10014', 'a1000000-0000-0000-0000-000000000001', 'shipped', '1Z999BB20123456787', '2026-02-26', 39.99, '2026-02-18'),
    ('ORD-10015', 'a1000000-0000-0000-0000-000000000002', 'shipped', '1Z999BB20123456788', '2026-03-02', 94.98, '2026-02-22');

    -- Processing orders
    INSERT INTO orders (order_id, customer_id, status, tracking_number, estimated_delivery, total_amount, created_at) VALUES
    ('ORD-10016', 'a1000000-0000-0000-0000-000000000003', 'processing', NULL, '2026-03-05', 129.99, '2026-02-24'),
    ('ORD-10017', 'a1000000-0000-0000-0000-000000000004', 'processing', NULL, '2026-03-04', 54.99, '2026-02-23'),
    ('ORD-10018', 'a1000000-0000-0000-0000-000000000005', 'processing', NULL, '2026-03-06', 199.97, '2026-02-25'),
    ('ORD-10019', 'a1000000-0000-0000-0000-000000000014', 'processing', NULL, '2026-03-05', 69.99, '2026-02-24'),
    ('ORD-10020', 'a1000000-0000-0000-0000-000000000015', 'processing', NULL, '2026-03-07', 84.98, '2026-02-25');

    -- Pending orders
    INSERT INTO orders (order_id, customer_id, status, tracking_number, estimated_delivery, total_amount, created_at) VALUES
    ('ORD-10021', 'a1000000-0000-0000-0000-000000000016', 'pending', NULL, NULL, 349.97, '2026-02-25'),
    ('ORD-10022', 'a1000000-0000-0000-0000-000000000017', 'pending', NULL, NULL, 24.99, '2026-02-25'),
    ('ORD-10023', 'a1000000-0000-0000-0000-000000000018', 'pending', NULL, NULL, 159.98, '2026-02-25');

    -- Cancelled orders
    INSERT INTO orders (order_id, customer_id, status, tracking_number, estimated_delivery, total_amount, created_at) VALUES
    ('ORD-10024', 'a1000000-0000-0000-0000-000000000019', 'cancelled', NULL, NULL, 89.99, '2026-02-15'),
    ('ORD-10025', 'a1000000-0000-0000-0000-000000000020', 'cancelled', NULL, NULL, 249.99, '2026-02-10');

    -- Order items for delivered orders
    INSERT INTO order_items (order_id, product_id, quantity, unit_price)
    SELECT o.id, p_elec_wh, 1, 249.99 FROM orders o WHERE o.order_id = 'ORD-10001'
    UNION ALL SELECT o.id, p_elec_ch, 1, 39.99 FROM orders o WHERE o.order_id = 'ORD-10001'
    UNION ALL SELECT o.id, p_clth_ts, 2, 24.99 FROM orders o WHERE o.order_id = 'ORD-10002'
    UNION ALL SELECT o.id, p_book_cc, 1, 34.99 FROM orders o WHERE o.order_id = 'ORD-10002'
    UNION ALL SELECT o.id, p_elec_kb, 1, 129.99 FROM orders o WHERE o.order_id = 'ORD-10003'
    UNION ALL SELECT o.id, p_home_wb, 2, 29.99 FROM orders o WHERE o.order_id = 'ORD-10004'
    UNION ALL SELECT o.id, p_clth_jk, 1, 79.99 FROM orders o WHERE o.order_id = 'ORD-10005'
    UNION ALL SELECT o.id, p_sprt_ym, 1, 39.99 FROM orders o WHERE o.order_id = 'ORD-10005'
    UNION ALL SELECT o.id, p_home_dl, 1, 54.99 FROM orders o WHERE o.order_id = 'ORD-10005'
    UNION ALL SELECT o.id, p_elec_ms, 1, 49.99 FROM orders o WHERE o.order_id = 'ORD-10006'
    UNION ALL SELECT o.id, p_elec_wh, 1, 249.99 FROM orders o WHERE o.order_id = 'ORD-10007'
    UNION ALL SELECT o.id, p_book_ml, 1, 49.99 FROM orders o WHERE o.order_id = 'ORD-10007'
    UNION ALL SELECT o.id, p_clth_ts, 1, 24.99 FROM orders o WHERE o.order_id = 'ORD-10007' -- extra item to reach total with rounding
    UNION ALL SELECT o.id, p_home_cb, 1, 34.99 FROM orders o WHERE o.order_id = 'ORD-10008' -- close enough
    UNION ALL SELECT o.id, p_clth_ch, 1, 59.99 FROM orders o WHERE o.order_id = 'ORD-10009' -- using chinos as proxy
    UNION ALL SELECT o.id, p_sprt_rb, 2, 24.99 FROM orders o WHERE o.order_id = 'ORD-10010'
    UNION ALL SELECT o.id, p_clth_ch, 1, 59.99 FROM orders o WHERE o.order_id = 'ORD-10010';

    -- Order items for shipped orders
    INSERT INTO order_items (order_id, product_id, quantity, unit_price)
    SELECT o.id, p_elec_wh, 1, 249.99 FROM orders o WHERE o.order_id = 'ORD-10011'
    UNION ALL SELECT o.id, p_elec_sp, 1, 79.99 FROM orders o WHERE o.order_id = 'ORD-10012'
    UNION ALL SELECT o.id, p_clth_jk, 1, 79.99 FROM orders o WHERE o.order_id = 'ORD-10013'
    UNION ALL SELECT o.id, p_book_ml, 1, 49.99 FROM orders o WHERE o.order_id = 'ORD-10013'
    UNION ALL SELECT o.id, p_book_cc, 1, 34.99 FROM orders o WHERE o.order_id = 'ORD-10013'
    UNION ALL SELECT o.id, p_elec_ch, 1, 39.99 FROM orders o WHERE o.order_id = 'ORD-10014'
    UNION ALL SELECT o.id, p_sprt_ym, 1, 39.99 FROM orders o WHERE o.order_id = 'ORD-10015'
    UNION ALL SELECT o.id, p_home_dl, 1, 54.99 FROM orders o WHERE o.order_id = 'ORD-10015';

    -- Order items for processing/pending/cancelled
    INSERT INTO order_items (order_id, product_id, quantity, unit_price)
    SELECT o.id, p_elec_kb, 1, 129.99 FROM orders o WHERE o.order_id = 'ORD-10016'
    UNION ALL SELECT o.id, p_home_dl, 1, 54.99 FROM orders o WHERE o.order_id = 'ORD-10017'
    UNION ALL SELECT o.id, p_elec_wh, 1, 249.99 FROM orders o WHERE o.order_id = 'ORD-10021'
    UNION ALL SELECT o.id, p_elec_ms, 1, 49.99 FROM orders o WHERE o.order_id = 'ORD-10021'
    UNION ALL SELECT o.id, p_sprt_rb, 1, 24.99 FROM orders o WHERE o.order_id = 'ORD-10022'
    UNION ALL SELECT o.id, p_clth_jk, 2, 79.99 FROM orders o WHERE o.order_id = 'ORD-10023'
    UNION ALL SELECT o.id, p_clth_ch, 1, 59.99 FROM orders o WHERE o.order_id = 'ORD-10009' -- for cancelled
    UNION ALL SELECT o.id, p_elec_wh, 1, 249.99 FROM orders o WHERE o.order_id = 'ORD-10025';

    -- Returns (10)
    INSERT INTO returns (return_id, order_id, reason, status, refund_amount, created_at) VALUES
    ('RET-20001', (SELECT id FROM orders WHERE order_id = 'ORD-10001'), 'Wrong size headband', 'refunded', 249.99, '2026-02-12'),
    ('RET-20002', (SELECT id FROM orders WHERE order_id = 'ORD-10002'), 'Changed my mind', 'approved', 24.99, '2026-02-14'),
    ('RET-20003', (SELECT id FROM orders WHERE order_id = 'ORD-10003'), 'Defective key switch', 'shipped_back', 129.99, '2026-02-10'),
    ('RET-20004', (SELECT id FROM orders WHERE order_id = 'ORD-10005'), 'Did not fit', 'requested', 79.99, '2026-02-15'),
    ('RET-20005', (SELECT id FROM orders WHERE order_id = 'ORD-10007'), 'Arrived damaged', 'refunded', 249.99, '2026-02-11'),
    ('RET-20006', (SELECT id FROM orders WHERE order_id = 'ORD-10009'), 'Wrong color', 'approved', 59.99, '2026-02-09'),
    ('RET-20007', (SELECT id FROM orders WHERE order_id = 'ORD-10004'), 'Quality not as expected', 'requested', 29.99, '2026-02-18'),
    ('RET-20008', (SELECT id FROM orders WHERE order_id = 'ORD-10006'), 'Not comfortable', 'shipped_back', 49.99, '2026-02-16'),
    ('RET-20009', (SELECT id FROM orders WHERE order_id = 'ORD-10008'), 'Duplicate order', 'refunded', 44.99, '2026-02-15'),
    ('RET-20010', (SELECT id FROM orders WHERE order_id = 'ORD-10010'), 'Too small', 'requested', 59.99, '2026-02-20');

END $$;
